{
  "Working Directory" : "\/Users\/adhe",
  "Prompt Before Closing 2" : false,
  "Selected Text Color" : {
    "Green Component" : 0.88235294117647056,
    "Red Component" : 0.90196078431372551,
    "Blue Component" : 0.81176470588235294
  },
  "Rows" : 25,
  "Ansi 11 Color" : {
    "Green Component" : 0.96862745098039216,
    "Red Component" : 1,
    "Blue Component" : 0.47450980392156861
  },
  "Use Italic Font" : true,
  "Foreground Color" : {
    "Green Component" : 0.88235294117647056,
    "Red Component" : 0.90196078431372551,
    "Blue Component" : 0.81176470588235294
  },
  "Right Option Key Sends" : 0,
  "Character Encoding" : 4,
  "Selection Color" : {
    "Green Component" : 0.20000000000000001,
    "Red Component" : 0.14509803921568629,
    "Blue Component" : 0.25098039215686274
  },
  "Blend" : 0.47126792042525778,
  "Mouse Reporting" : true,
  "Cursor Boost" : 0,
  "Ansi 4 Color" : {
    "Green Component" : 0.63921568627450975,
    "Red Component" : 0.21176470588235294,
    "Blue Component" : 0.85098039215686272
  },
  "Non-ASCII Anti Aliased" : true,
  "Sync Title" : false,
  "Disable Window Resizing" : true,
  "Description" : "Default",
  "Close Sessions On End" : true,
  "Jobs to Ignore" : [
    "rlogin",
    "ssh",
    "slogin",
    "telnet",
    "Job Name"
  ],
  "Scrollback Lines" : 1000,
  "Draw Powerline Glyphs" : true,
  "Brighten Bold Text" : false,
  "Flashing Bell" : false,
  "Cursor Guide Color" : {
    "Red Component" : 0.70213186740875244,
    "Color Space" : "sRGB",
    "Blue Component" : 1,
    "Alpha Component" : 0.25,
    "Green Component" : 0.9268307089805603
  },
  "BM Growl" : true,
  "Ansi 3 Color" : {
    "Green Component" : 0.77254901960784317,
    "Red Component" : 0.90588235294117647,
    "Blue Component" : 0.27843137254901962
  },
  "Use Non-ASCII Font" : false,
  "Link Color" : {
    "Red Component" : 0,
    "Color Space" : "sRGB",
    "Blue Component" : 0.73423302173614502,
    "Alpha Component" : 1,
    "Green Component" : 0.35916060209274292
  },
  "Shortcut" : "",
  "Background Image Location" : "",
  "Bold Color" : {
    "Green Component" : 0.88235294117647056,
    "Red Component" : 0.90196078431372551,
    "Blue Component" : 0.81176470588235294
  },
  "Use Cursor Guide" : false,
  "Unlimited Scrollback" : false,
  "Custom Command" : "No",
  "Keyboard Map" : {
    "0xf700-0x260000" : {
      "Action" : 10,
      "Text" : "[1;6A"
    },
    "0x37-0x40000" : {
      "Action" : 11,
      "Text" : "0x1f"
    },
    "0x32-0x40000" : {
      "Action" : 11,
      "Text" : "0x00"
    },
    "0xf709-0x20000" : {
      "Action" : 10,
      "Text" : "[17;2~"
    },
    "0xf70c-0x20000" : {
      "Action" : 10,
      "Text" : "[20;2~"
    },
    "0xf729-0x20000" : {
      "Action" : 10,
      "Text" : "[1;2H"
    },
    "0xf72b-0x40000" : {
      "Action" : 10,
      "Text" : "[1;5F"
    },
    "0xf705-0x20000" : {
      "Action" : 10,
      "Text" : "[1;2Q"
    },
    "0xf703-0x260000" : {
      "Action" : 10,
      "Text" : "[1;6C"
    },
    "0xf700-0x220000" : {
      "Action" : 10,
      "Text" : "[1;2A"
    },
    "0xf701-0x280000" : {
      "Action" : 11,
      "Text" : "0x1b 0x1b 0x5b 0x42"
    },
    "0x38-0x40000" : {
      "Action" : 11,
      "Text" : "0x7f"
    },
    "0x33-0x40000" : {
      "Action" : 11,
      "Text" : "0x1b"
    },
    "0xf703-0x220000" : {
      "Action" : 10,
      "Text" : "[1;2C"
    },
    "0xf701-0x240000" : {
      "Action" : 10,
      "Text" : "[1;5B"
    },
    "0xf70d-0x20000" : {
      "Action" : 10,
      "Text" : "[21;2~"
    },
    "0xf702-0x260000" : {
      "Action" : 10,
      "Text" : "[1;6D"
    },
    "0xf729-0x40000" : {
      "Action" : 10,
      "Text" : "[1;5H"
    },
    "0xf706-0x20000" : {
      "Action" : 10,
      "Text" : "[1;2R"
    },
    "0x34-0x40000" : {
      "Action" : 11,
      "Text" : "0x1c"
    },
    "0xf700-0x280000" : {
      "Action" : 11,
      "Text" : "0x1b 0x1b 0x5b 0x41"
    },
    "0x2d-0x40000" : {
      "Action" : 11,
      "Text" : "0x1f"
    },
    "0xf70e-0x20000" : {
      "Action" : 10,
      "Text" : "[23;2~"
    },
    "0xf702-0x220000" : {
      "Action" : 10,
      "Text" : "[1;2D"
    },
    "0xf703-0x280000" : {
      "Action" : 11,
      "Text" : "0x1b 0x1b 0x5b 0x43"
    },
    "0xf700-0x240000" : {
      "Action" : 10,
      "Text" : "[1;5A"
    },
    "0xf707-0x20000" : {
      "Action" : 10,
      "Text" : "[1;2S"
    },
    "0xf70a-0x20000" : {
      "Action" : 10,
      "Text" : "[18;2~"
    },
    "0x35-0x40000" : {
      "Action" : 11,
      "Text" : "0x1d"
    },
    "0xf70f-0x20000" : {
      "Action" : 10,
      "Text" : "[24;2~"
    },
    "0xf703-0x240000" : {
      "Action" : 10,
      "Text" : "[1;5C"
    },
    "0xf701-0x260000" : {
      "Action" : 10,
      "Text" : "[1;6B"
    },
    "0xf702-0x280000" : {
      "Action" : 11,
      "Text" : "0x1b 0x1b 0x5b 0x44"
    },
    "0xf72b-0x20000" : {
      "Action" : 10,
      "Text" : "[1;2F"
    },
    "0x36-0x40000" : {
      "Action" : 11,
      "Text" : "0x1e"
    },
    "0xf708-0x20000" : {
      "Action" : 10,
      "Text" : "[15;2~"
    },
    "0xf701-0x220000" : {
      "Action" : 10,
      "Text" : "[1;2B"
    },
    "0xf70b-0x20000" : {
      "Action" : 10,
      "Text" : "[19;2~"
    },
    "0xf702-0x240000" : {
      "Action" : 10,
      "Text" : "[1;5D"
    },
    "0xf704-0x20000" : {
      "Action" : 10,
      "Text" : "[1;2P"
    }
  },
  "Ansi 14 Color" : {
    "Green Component" : 1,
    "Red Component" : 0.7803921568627451,
    "Blue Component" : 0.99215686274509807
  },
  "Ansi 2 Color" : {
    "Green Component" : 0.80000000000000004,
    "Red Component" : 0.72156862745098038,
    "Blue Component" : 0.32156862745098042
  },
  "Send Code When Idle" : false,
  "ASCII Anti Aliased" : true,
  "Tags" : [

  ],
  "Ansi 9 Color" : {
    "Green Component" : 0.396078431372549,
    "Red Component" : 1,
    "Blue Component" : 0.396078431372549
  },
  "Use Bold Font" : false,
  "Silence Bell" : false,
  "Ansi 12 Color" : {
    "Green Component" : 0.83529411764705885,
    "Red Component" : 0.40784313725490196,
    "Blue Component" : 1
  },
  "Window Type" : 0,
  "Use Bright Bold" : false,
  "Cursor Text Color" : {
    "Green Component" : 0.88235294117647056,
    "Red Component" : 0.90196078431372551,
    "Blue Component" : 0.81176470588235294
  },
  "Default Bookmark" : "No",
  "Cursor Color" : {
    "Green Component" : 0.59215686274509804,
    "Red Component" : 0.94901960784313721,
    "Blue Component" : 0.094117647058823528
  },
  "Ansi 1 Color" : {
    "Green Component" : 0.20000000000000001,
    "Red Component" : 1,
    "Blue Component" : 0.20000000000000001
  },
  "Name" : "Default",
  "Blinking Cursor" : true,
  "Guid" : "E9AAB0C0-46F9-434C-A3D6-578632E82126",
  "Idle Code" : 0,
  "Ansi 10 Color" : {
    "Green Component" : 0.99607843137254903,
    "Red Component" : 0.91764705882352937,
    "Blue Component" : 0.51764705882352946
  },
  "Ansi 8 Color" : {
    "Green Component" : 0.19607843137254902,
    "Red Component" : 0.19607843137254902,
    "Blue Component" : 0.19607843137254902
  },
  "Badge Color" : {
    "Red Component" : 1,
    "Color Space" : "sRGB",
    "Blue Component" : 0,
    "Alpha Component" : 0.5,
    "Green Component" : 0.1491314172744751
  },
  "Smart Cursor Color" : false,
  "Ambiguous Double Width" : false,
  "Cursor Type" : 2,
  "Ansi 0 Color" : {
    "Green Component" : 0,
    "Red Component" : 0,
    "Blue Component" : 0
  },
  "Blur" : false,
  "Vertical Spacing" : 1,
  "Normal Font" : "Hack-Regular 12",
  "Use Underline Color" : false,
  "Ansi 7 Color" : {
    "Green Component" : 1,
    "Red Component" : 1,
    "Blue Component" : 1
  },
  "Command" : "",
  "Terminal Type" : "xterm-256color",
  "Horizontal Spacing" : 1,
  "Option Key Sends" : 0,
  "Only The Default BG Color Uses Transparency" : true,
  "Blink Allowed" : false,
  "Minimum Contrast" : 0,
  "Ansi 15 Color" : {
    "Green Component" : 1,